26231081	1244653620	1	1	http://i.011st.com/editorImg/2018/03/07/26231081/f3Ph0dS.jpg
26231081	1244653620	1	2	http://i.011st.com/editorImg/2018/03/07/26231081/6Bod5SF.jpg
26231081	1244653620	1	3	http://i.011st.com/editorImg/2018/03/07/26231081/4fDCMZK.jpg
26231081	1244653620	1	4	http://i.011st.com/editorImg/2018/03/07/26231081/dwYX36I.jpg
26231081	1244653620	1	5	http://i.011st.com/editorImg/2018/03/07/26231081/1xt18Nn.jpg
26231081	1244653620	1	6	http://i.011st.com/editorImg/2018/03/07/26231081/8aEqKdi.jpg
26231081	1244653620	1	7	http://i.011st.com/editorImg/2018/03/07/26231081/2Udmksw.jpg
26231081	1244653621	1	1	http://i.011st.com/editorImg/2018/03/07/26231081/8HjUiJf.jpg
26231081	1244653621	1	2	http://i.011st.com/editorImg/2018/03/07/26231081/ai1h5M5.jpg
26231081	1244653621	1	3	http://i.011st.com/editorImg/2018/03/07/26231081/695bWqA.jpg
26231081	1244653621	1	4	http://i.011st.com/editorImg/2018/03/07/26231081/hAlFSE5.jpg
26231081	1244653621	1	5	http://i.011st.com/editorImg/2018/03/07/26231081/qXzGsD.jpg
26231081	1244653621	1	6	http://i.011st.com/editorImg/2018/03/07/26231081/ahQuJF8.jpg
39951242	1244926673	1	1	http://i.011st.com/editorImg/2018/03/07/39951242/fbcw1et.jpg
39951242	1244926673	1	2	http://i.011st.com/editorImg/2018/03/07/39951242/3VbS7V4.jpg
39951242	1244926673	1	3	http://i.011st.com/editorImg/2018/03/07/39951242/94gAVIP.jpg
39951242	1244926673	1	4	http://i.011st.com/editorImg/2018/03/07/39951242/gwpW1Aa.jpg
39951242	1244926673	1	5	http://i.011st.com/editorImg/2018/03/07/39951242/elEnCBf.jpg
39951242	1244926673	1	6	http://i.011st.com/editorImg/2018/03/07/39951242/aWnrADY.jpg
39951242	1244926673	1	7	http://i.011st.com/editorImg/2018/03/07/39951242/4AdCVvz.jpg
26231081	1244945970	1	1	http://i.011st.com/editorImg/2018/03/07/26231081/bFd5FO0.jpg
26231081	1244945970	1	2	http://i.011st.com/editorImg/2018/03/07/26231081/38lX5r6.jpg
26231081	1244945970	1	3	http://i.011st.com/editorImg/2018/03/07/26231081/dXm7Oyn.jpg
26231081	1244945970	1	4	http://i.011st.com/editorImg/2018/03/07/26231081/afE3Dur.jpg
26231081	1244945971	1	1	http://i.011st.com/editorImg/2018/03/07/26231081/ewUZE9D.jpg
26231081	1244945971	1	2	http://i.011st.com/editorImg/2018/03/07/26231081/2oIxTNS.jpg
26231081	1244945971	1	3	http://i.011st.com/editorImg/2018/03/07/26231081/rlUPsD.jpg
26231081	1244945971	1	4	http://i.011st.com/editorImg/2018/03/07/26231081/bfzNmBz.jpg
26231081	1244945972	1	1	http://i.011st.com/editorImg/2018/03/07/26231081/51A55fE.jpg
26231081	1244945972	1	2	http://i.011st.com/editorImg/2018/03/07/26231081/aBWZybS.jpg
26231081	1244945972	1	3	http://i.011st.com/editorImg/2018/03/07/26231081/4wF2K5s.jpg
26231081	1244945972	1	4	http://i.011st.com/editorImg/2018/03/07/26231081/f3kI5k.jpg
26231081	1244945991	1	1	http://i.011st.com/editorImg/2018/03/07/26231081/cP60InG.jpg
26231081	1244945991	1	2	http://i.011st.com/editorImg/2018/03/07/26231081/fpA0z4U.jpg
26231081	1244945991	1	3	http://i.011st.com/editorImg/2018/03/07/26231081/4512zG2.jpg
26231081	1244945991	1	4	http://i.011st.com/editorImg/2018/03/07/26231081/5zUs9Dl.jpg
26231081	1244946006	1	1	http://i.011st.com/editorImg/2018/03/07/26231081/57FVsUS.jpg
26231081	1244946006	1	2	http://i.011st.com/editorImg/2018/03/07/26231081/e24CEMO.jpg
26231081	1244946006	1	3	http://i.011st.com/editorImg/2018/03/07/26231081/dgKz9Lc.jpg
26231081	1244946006	1	4	http://i.011st.com/editorImg/2018/03/07/26231081/ahNe76P.jpg
26231081	1244946393	1	1	http://i.011st.com/editorImg/2018/03/07/26231081/cP60InG.jpg
26231081	1244946393	1	2	http://i.011st.com/editorImg/2018/03/07/26231081/fpA0z4U.jpg
26231081	1244946393	1	3	http://i.011st.com/editorImg/2018/03/07/26231081/4512zG2.jpg
26231081	1244946393	1	4	http://i.011st.com/editorImg/2018/03/07/26231081/5zUs9Dl.jpg
39871275	1244946612	1	1	http://i.011st.com/editorImg/2018/03/07/39871275/eLgyINl.jpg
39871275	1244946612	1	2	http://i.011st.com/editorImg/2018/03/07/39871275/eGpZNbw.jpg
39871275	1244946612	1	3	http://i.011st.com/editorImg/2018/03/07/39871275/aoSaa4d.jpg
39871275	1244946612	1	4	http://i.011st.com/editorImg/2018/03/07/39871275/30VmdDj.jpg
10000276	1244947343	1	1	http://i.011st.com/editorImg/2018/03/07/10000276/7mwxmxL.jpg
10000276	1244947343	1	2	http://i.011st.com/editorImg/2018/03/07/10000276/6r6H7Ay.jpg
10000276	1244947343	1	3	http://i.011st.com/editorImg/2018/03/07/10000276/7YM4jhB.jpg
10000276	1244947366	1	1	http://i.011st.com/editorImg/2018/03/07/10000276/7fwnpCp.jpg
10000276	1244947366	1	2	http://i.011st.com/editorImg/2018/03/07/10000276/9oxoJdM.jpg
10000276	1244947366	1	3	http://i.011st.com/editorImg/2018/03/07/10000276/hdmKdwX.jpg
39941273	1244947371	1	1	http://i.011st.com/editorImg/2018/03/07/39941273/38oscKV.jpg
39941273	1244947371	1	2	http://i.011st.com/editorImg/2018/03/07/39941273/723qS4S.jpg
39941273	1244947371	1	3	http://i.011st.com/editorImg/2018/03/07/39941273/6mkvrUK.jpg
39941273	1244947375	1	1	http://i.011st.com/editorImg/2018/03/07/39941273/8MbSYbv.jpg
39941273	1244947375	1	2	http://i.011st.com/editorImg/2018/03/07/39941273/ejfSAsO.jpg
39941273	1244947375	1	3	http://i.011st.com/editorImg/2018/03/07/39941273/4j10rsK.jpg
39871275	1244947534	1	1	http://i.011st.com/editorImg/2018/03/07/39871275/CQyB6W.jpg
39871275	1244947534	1	2	http://i.011st.com/editorImg/2018/03/07/39871275/8h1bPE8.jpg
39871275	1244947534	1	3	http://i.011st.com/editorImg/2018/03/07/39871275/6WjBpEF.jpg
39871275	1244947534	1	4	http://i.011st.com/editorImg/2018/03/07/39871275/avEBo2d.jpg
39871275	1244947537	1	1	http://i.011st.com/editorImg/2018/03/07/39871275/fTArbXX.jpg
39871275	1244947537	1	2	http://i.011st.com/editorImg/2018/03/07/39871275/8vnmefU.jpg
39871275	1244947537	1	3	http://i.011st.com/editorImg/2018/03/07/39871275/37RXtYN.jpg
39871275	1244947537	1	4	http://i.011st.com/editorImg/2018/03/07/39871275/fug1vQC.jpg
39941273	1244947553	1	1	http://i.011st.com/editorImg/2018/03/07/39941273/hiRstgs.jpg
39941273	1244947553	1	2	http://i.011st.com/editorImg/2018/03/07/39941273/7PSRGFV.jpg
39941273	1244947553	1	3	http://i.011st.com/editorImg/2018/03/07/39941273/8WzEW0u.jpg
39941273	1244947557	1	1	http://i.011st.com/editorImg/2018/03/07/39941273/ghnJBV3.jpg
39941273	1244947557	1	2	http://i.011st.com/editorImg/2018/03/07/39941273/aLeBs0a.jpg
39941273	1244947557	1	3	http://i.011st.com/editorImg/2018/03/07/39941273/ds85ffG.jpg
39941273	1244947557	1	4	http://i.011st.com/editorImg/2018/03/07/39941273/ctJneqs.jpg
39941273	1244947557	1	5	http://i.011st.com/editorImg/2018/03/07/39941273/5wH4MGd.jpg
39941273	1244947586	1	1	http://i.011st.com/editorImg/2018/03/07/39941273/fJwFNYN.jpg
39941273	1244947586	1	2	http://i.011st.com/editorImg/2018/03/07/39941273/djDgaiK.jpg
39941273	1244947586	1	3	http://i.011st.com/editorImg/2018/03/07/39941273/gQk4iYf.jpg
39941273	1244947586	1	4	http://i.011st.com/editorImg/2018/03/07/39941273/1uHl3gb.jpg
39941273	1244947586	1	5	http://i.011st.com/editorImg/2018/03/07/39941273/9EN8Nwi.jpg
39941273	1244947868	1	1	http://i.011st.com/editorImg/2018/03/07/39941273/eqAHE1c.jpg
39941273	1244947868	1	2	http://i.011st.com/editorImg/2018/03/07/39941273/aW3kORI.jpg
39941273	1244947868	1	3	http://i.011st.com/editorImg/2018/03/07/39941273/9IdHmkx.jpg
39941273	1244947868	1	4	http://i.011st.com/editorImg/2018/03/07/39941273/hmooRJZ.jpg
39941273	1244947868	1	5	http://i.011st.com/editorImg/2018/03/07/39941273/88kGW1c.jpg
39871275	1244947878	1	1	http://i.011st.com/editorImg/2018/03/07/39871275/JIbsNN.jpg
39871275	1244947878	1	2	http://i.011st.com/editorImg/2018/03/07/39871275/eSJGmvw.jpg
39871275	1244947878	1	3	http://i.011st.com/editorImg/2018/03/07/39871275/1qYuE3V.jpg
39941273	1244947911	1	1	http://i.011st.com/editorImg/2018/03/07/39941273/3C1MUvy.jpg
39941273	1244947911	1	2	http://i.011st.com/editorImg/2018/03/07/39941273/6jUDyOi.jpg
39941273	1244947911	1	3	http://i.011st.com/editorImg/2018/03/07/39941273/cBgjaT8.jpg
39941273	1244947911	1	4	http://i.011st.com/editorImg/2018/03/07/39941273/knHBmr.jpg
39941273	1244947911	1	5	http://i.011st.com/editorImg/2018/03/07/39941273/clEbX5D.jpg
39941273	1244947912	1	1	http://i.011st.com/editorImg/2018/03/07/39941273/ajHFNCh.jpg
39941273	1244947912	1	2	http://i.011st.com/editorImg/2018/03/07/39941273/feyFqPZ.jpg
39941273	1244947912	1	3	http://i.011st.com/editorImg/2018/03/07/39941273/89apUSy.jpg
39941273	1244947912	1	4	http://i.011st.com/editorImg/2018/03/07/39941273/5Sd6nj5.jpg
39941273	1244947912	1	5	http://i.011st.com/editorImg/2018/03/07/39941273/bPMONfv.jpg
39871275	1244947913	1	1	http://i.011st.com/editorImg/2018/03/07/39871275/fmijLIe.jpg
39871275	1244947913	1	2	http://i.011st.com/editorImg/2018/03/07/39871275/7SSk6wP.jpg
39871275	1244947913	1	3	http://i.011st.com/editorImg/2018/03/07/39871275/bwnNj2y.jpg
39871275	1244947913	1	4	http://i.011st.com/editorImg/2018/03/07/39871275/7uP6bVr.jpg
10000276	1244947916	1	1	http://i.011st.com/editorImg/2018/03/07/10000276/1bOrD23.jpg
10000276	1244947916	1	2	http://i.011st.com/editorImg/2018/03/07/10000276/1y2FNPN.jpg
39941273	1244947953	1	1	http://i.011st.com/editorImg/2018/03/07/39941273/8dXr98s.jpg
39941273	1244947953	1	2	http://i.011st.com/editorImg/2018/03/07/39941273/8yw0wTl.jpg
39941273	1244947953	1	3	http://i.011st.com/editorImg/2018/03/07/39941273/1FXlhuB.jpg
39941273	1244948031	1	1	http://i.011st.com/editorImg/2018/03/07/39941273/cfkK3Q8.jpg
39941273	1244948031	1	2	http://i.011st.com/editorImg/2018/03/07/39941273/dXoBLhf.jpg
39941273	1244948031	1	3	http://i.011st.com/editorImg/2018/03/07/39941273/7o7xcio.jpg
39941273	1244948031	1	4	http://i.011st.com/editorImg/2018/03/07/39941273/9nMjzr6.jpg
39941273	1244948031	1	5	http://i.011st.com/editorImg/2018/03/07/39941273/6hA4NAS.jpg
39941273	1244948065	1	1	http://i.011st.com/editorImg/2018/03/07/39941273/cfkK3Q8.jpg
39941273	1244948065	1	2	http://i.011st.com/editorImg/2018/03/07/39941273/dXoBLhf.jpg
39941273	1244948065	1	3	http://i.011st.com/editorImg/2018/03/07/39941273/7o7xcio.jpg
39941273	1244948065	1	4	http://i.011st.com/editorImg/2018/03/07/39941273/9nMjzr6.jpg
39941273	1244948065	1	5	http://i.011st.com/editorImg/2018/03/07/39941273/6hA4NAS.jpg
39941273	1244948071	1	1	http://i.011st.com/editorImg/2018/03/07/39941273/6V1zRFw.jpg
39941273	1244948071	1	2	http://i.011st.com/editorImg/2018/03/07/39941273/df0sd3a.jpg
39871275	1244948072	1	1	http://i.011st.com/editorImg/2018/03/07/39871275/52OiWPz.jpg
39871275	1244948072	1	2	http://i.011st.com/editorImg/2018/03/07/39871275/dZqoVJO.jpg
39871275	1244948072	1	3	http://i.011st.com/editorImg/2018/03/07/39871275/au7gXLQ.jpg
39871275	1244948075	1	1	http://i.011st.com/editorImg/2018/03/07/39871275/8YP6CBo.jpg
39871275	1244948075	1	2	http://i.011st.com/editorImg/2018/03/07/39871275/82Xk7Sc.jpg
39871275	1244948475	1	1	http://i.011st.com/editorImg/2018/03/07/39871275/1gFiVIB.jpg
39871275	1244948475	1	2	http://i.011st.com/editorImg/2018/03/07/39871275/aULNkIQ.jpg
10000276	1244948675	1	1	http://i.011st.com/editorImg/2018/03/07/10000276/3o8cc5J.jpg
10000276	1244948675	1	2	http://i.011st.com/editorImg/2018/03/07/10000276/1UBjWSt.jpg
10000276	1244948675	1	3	http://i.011st.com/editorImg/2018/03/07/10000276/3cCF59H.jpg
10000276	1244948675	1	4	http://i.011st.com/editorImg/2018/03/07/10000276/3kOtMpv.jpg
10000276	1244948675	1	5	http://i.011st.com/editorImg/2018/03/07/10000276/7o5gzv0.jpg
10000276	1244948675	1	6	http://i.011st.com/editorImg/2018/03/07/10000276/cq9QzNO.jpg
39871275	1244949049	1	1	http://i.011st.com/editorImg/2018/03/07/39871275/1Mu835O.jpg
39871275	1244949049	1	2	http://i.011st.com/editorImg/2018/03/07/39871275/bQcUVb2.jpg
39871275	1244949366	1	1	http://i.011st.com/editorImg/2018/03/07/39871275/2Oj9Ofa.jpg
39871275	1244949366	1	2	http://i.011st.com/editorImg/2018/03/07/39871275/7pnYiMF.jpg
39871275	1244949366	1	3	http://i.011st.com/editorImg/2018/03/07/39871275/1Vkbccx.jpg
39871275	1244949366	1	4	http://i.011st.com/editorImg/2018/03/07/39871275/1FLQruh.jpg
39871275	1244949366	1	5	http://i.011st.com/editorImg/2018/03/07/39871275/clHdkUT.jpg
39871275	1244949366	1	6	http://i.011st.com/editorImg/2018/03/07/39871275/gQq0OT0.jpg
39871275	1244949366	1	7	http://i.011st.com/editorImg/2018/03/07/39871275/gYsqCyV.jpg
39871275	1244949366	1	8	http://i.011st.com/editorImg/2018/03/07/39871275/mJ4EhN.jpg
39871275	1244949366	1	9	http://i.011st.com/editorImg/2018/03/07/39871275/aZsBZ0C.jpg
39871275	1244949366	1	10	http://i.011st.com/editorImg/2018/03/07/39871275/g2X5Kql.jpg
39871275	1244949366	1	11	http://i.011st.com/editorImg/2018/03/07/39871275/3mIukAl.jpg
39951242	1244949641	1	1	http://i.011st.com/editorImg/2018/03/07/39951242/d3D067a.jpg
39951242	1244949641	1	2	http://i.011st.com/editorImg/2018/03/07/39951242/3gc1F5X.jpg
39951242	1244949641	1	3	http://i.011st.com/editorImg/2018/03/07/39951242/6AgucLO.jpg
39951242	1244949641	1	4	http://i.011st.com/editorImg/2018/03/07/39951242/bThqYf3.jpg
39951242	1244949642	1	1	http://i.011st.com/editorImg/2018/03/07/39951242/fydnJKa.jpg
39951242	1244949642	1	2	http://i.011st.com/editorImg/2018/03/07/39951242/grqJhHE.jpg
39951242	1244949642	1	3	http://i.011st.com/editorImg/2018/03/07/39951242/3ZapfVN.jpg
39951242	1244949642	1	4	http://i.011st.com/editorImg/2018/03/07/39951242/4FpaVE.jpg
39951242	1244949644	1	1	http://i.011st.com/editorImg/2018/03/07/39951242/ffzzXwq.jpg
39951242	1244949644	1	2	http://i.011st.com/editorImg/2018/03/07/39951242/1EpHzr1.jpg
39951242	1244949644	1	3	http://i.011st.com/editorImg/2018/03/07/39951242/KFrGvS.jpg
39951242	1244949644	1	4	http://i.011st.com/editorImg/2018/03/07/39951242/aI2ZtKY.jpg
39951242	1244949647	1	1	http://i.011st.com/editorImg/2018/03/07/39951242/bqClyJN.jpg
39951242	1244949647	1	2	http://i.011st.com/editorImg/2018/03/07/39951242/4hOt4rV.jpg
39951242	1244949647	1	3	http://i.011st.com/editorImg/2018/03/07/39951242/88Ft5dY.jpg
39951242	1244949658	1	1	http://i.011st.com/editorImg/2018/03/07/39951242/d3D067a.jpg
39951242	1244949658	1	2	http://i.011st.com/editorImg/2018/03/07/39951242/3gc1F5X.jpg
39951242	1244949658	1	3	http://i.011st.com/editorImg/2018/03/07/39951242/6AgucLO.jpg
39951242	1244949658	1	4	http://i.011st.com/editorImg/2018/03/07/39951242/bThqYf3.jpg
39871275	1244949756	1	1	http://i.011st.com/editorImg/2018/03/07/39871275/gnzsodW.jpg
39871275	1244949756	1	2	http://i.011st.com/editorImg/2018/03/07/39871275/eNOY6DW.jpg
39871275	1244949756	1	3	http://i.011st.com/editorImg/2018/03/07/39871275/6fH2pmR.jpg
39871275	1244949756	1	4	http://i.011st.com/editorImg/2018/03/07/39871275/hx9lOqX.jpg
10000276	1244951652	1	1	http://i.011st.com/editorImg/2018/03/07/10000276/aIUIS3l.jpg
10000276	1244951652	1	2	http://i.011st.com/editorImg/2018/03/07/10000276/fr8gWS.jpg
10000276	1244951652	1	3	http://i.011st.com/editorImg/2018/03/07/10000276/d0gLz2T.jpg
10000276	1244951652	1	4	http://i.011st.com/editorImg/2018/03/07/10000276/7hxyRT7.jpg
10000276	1244962697	1	1	http://i.011st.com/editorImg/2018/03/07/10000276/9rWLAqB.jpg
10000276	1244962697	1	2	http://i.011st.com/editorImg/2018/03/07/10000276/bRF37kg.jpg
10000276	1244962884	1	1	http://i.011st.com/editorImg/2018/03/07/10000276/3vWxiSj.jpg
10000276	1244962884	1	2	http://i.011st.com/editorImg/2018/03/07/10000276/8HacI2K.jpg
10000276	1244962979	1	1	http://i.011st.com/editorImg/2018/03/07/10000276/3wMi8kF.jpg
39941459	1244977815	1	1	http://i.011st.com/editorImg/2018/03/07/39941459/hz4w67Y.jpg
39941459	1244977815	1	2	http://i.011st.com/editorImg/2018/03/07/39941459/fARk9Yg.jpg
39941459	1244977815	1	3	http://i.011st.com/editorImg/2018/03/07/39941459/4zbW5yR.jpg
39941459	1244977815	1	4	http://i.011st.com/editorImg/2018/03/07/39941459/174J37s.jpg
39941459	1244977815	1	5	http://i.011st.com/editorImg/2018/03/07/39941459/caEwOHj.jpg
39941459	1244977815	1	6	http://i.011st.com/editorImg/2018/03/07/39941459/4OL9nJK.jpg
39941459	1245013343	1	1	http://i.011st.com/editorImg/2018/03/07/39941459/hsHDfcH.jpg
39941459	1245013343	1	2	http://i.011st.com/editorImg/2018/03/07/39941459/8HTSH8e.jpg
39941459	1245014820	1	1	http://i.011st.com/editorImg/2018/03/07/39941459/9OJGdp1.jpg
39941459	1245015464	1	1	http://i.011st.com/editorImg/2018/03/07/39941459/etbT1Cl.jpg
39941459	1245015464	1	2	http://i.011st.com/editorImg/2018/03/07/39941459/9ECChut.jpg
39941459	1245015477	1	1	http://i.011st.com/editorImg/2018/03/07/39941459/7OGEP6X.jpg
39941459	1245015477	1	2	http://i.011st.com/editorImg/2018/03/07/39941459/1EyNkeZ.jpg
39941459	1245016411	1	1	http://i.011st.com/editorImg/2018/03/07/39941459/8NIng9e.jpg
39941459	1245016411	1	2	http://i.011st.com/editorImg/2018/03/07/39941459/8P5RAHr.jpg
39941459	1245016417	1	1	http://i.011st.com/editorImg/2018/03/07/39941459/ZsLAJy.jpg
39941459	1245016417	1	2	http://i.011st.com/editorImg/2018/03/07/39941459/DSsLZa.jpg
39941459	1245018400	1	1	http://i.011st.com/editorImg/2018/03/07/39941459/9Y88aCA.jpg
10000276	1245020451	1	1	http://i.011st.com/editorImg/2018/03/07/10000276/fvbqpuT.jpg
10000276	1245020451	1	2	http://i.011st.com/editorImg/2018/03/07/10000276/3VzYjVl.jpg
10000276	1245020451	1	3	http://i.011st.com/editorImg/2018/03/07/10000276/9rUA2cx.jpg
39941459	1245042538	1	1	http://i.011st.com/editorImg/2018/03/07/39941459/9rNL74f.jpg
39941459	1245042538	1	2	http://i.011st.com/editorImg/2018/03/07/39941459/2rMaBiG.jpg
39871275	1245050429	1	1	http://i.011st.com/editorImg/2018/03/07/39871275/5Uf9PSU.jpg
39871275	1245050429	1	2	http://i.011st.com/editorImg/2018/03/07/39871275/1FVBXcP.jpg
39871275	1245050429	1	3	http://i.011st.com/editorImg/2018/03/07/39871275/2YK5P30.jpg
39871275	1245050429	1	4	http://i.011st.com/editorImg/2018/03/07/39871275/6KqdTep.jpg
39941240	1245050431	1	1	http://i.011st.com/editorImg/2018/03/07/39941240/9p1Q2N7.jpg
39941240	1245050431	1	2	http://i.011st.com/editorImg/2018/03/07/39941240/615JWs4.jpg
39941240	1245050431	1	3	http://i.011st.com/editorImg/2018/03/07/39941240/9zgerxw.jpg
39941240	1245050441	1	1	http://i.011st.com/editorImg/2018/03/07/39941240/46ZkLMr.jpg
39941240	1245050441	1	2	http://i.011st.com/editorImg/2018/03/07/39941240/81AJhPH.jpg
39941240	1245050441	1	3	http://i.011st.com/editorImg/2018/03/07/39941240/bpeRfLV.jpg
10000276	1245253074	1	1	http://i.011st.com/editorImg/2018/03/07/10000276/1wEz5NR.jpg
10000276	1245253074	1	2	http://i.011st.com/editorImg/2018/03/07/10000276/eGv1IIS.jpg
10000276	1245253074	1	3	http://i.011st.com/editorImg/2018/03/07/10000276/fHQmkay.jpg
10000276	1245253092	1	1	http://i.011st.com/editorImg/2018/03/07/10000276/2B3ZDgG.jpg
10000276	1245253092	1	2	http://i.011st.com/editorImg/2018/03/07/10000276/2sniDzv.jpg
10000276	1245253092	1	3	http://i.011st.com/editorImg/2018/03/07/10000276/4WhoGZt.jpg
10000276	1245253096	1	1	http://i.011st.com/editorImg/2018/03/07/10000276/gCwcNee.jpg
10000276	1245253096	1	2	http://i.011st.com/editorImg/2018/03/07/10000276/g2KRNSb.jpg
10000276	1245253096	1	3	http://i.011st.com/editorImg/2018/03/07/10000276/f0xnJgC.jpg
10000276	1245253098	1	1	http://i.011st.com/editorImg/2018/03/07/10000276/aJ6cjyz.jpg
10000276	1245253098	1	2	http://i.011st.com/editorImg/2018/03/07/10000276/dDHcPMN.jpg
10000276	1245253098	1	3	http://i.011st.com/editorImg/2018/03/07/10000276/8P6LsQY.jpg
10000276	1245253099	1	1	http://i.011st.com/editorImg/2018/03/07/10000276/1wEz5NR.jpg
10000276	1245253099	1	2	http://i.011st.com/editorImg/2018/03/07/10000276/eGv1IIS.jpg
10000276	1245253099	1	3	http://i.011st.com/editorImg/2018/03/07/10000276/fHQmkay.jpg
10000276	1245253100	1	1	http://i.011st.com/editorImg/2018/03/07/10000276/btLE7z.jpg
10000276	1245253100	1	2	http://i.011st.com/editorImg/2018/03/07/10000276/fxp3zY4.jpg
10000276	1245253100	1	3	http://i.011st.com/editorImg/2018/03/07/10000276/d4xz8nj.jpg
10000276	1245253101	1	1	http://i.011st.com/editorImg/2018/03/07/10000276/bmcAfdR.jpg
10000276	1245253101	1	2	http://i.011st.com/editorImg/2018/03/07/10000276/3U7mpWm.jpg
10000276	1245253101	1	3	http://i.011st.com/editorImg/2018/03/07/10000276/6WaaXeI.jpg
10000276	1245253150	1	1	http://i.011st.com/editorImg/2018/03/07/10000276/eWlKFEs.jpg
10000276	1245253150	1	2	http://i.011st.com/editorImg/2018/03/07/10000276/ce8fw1w.jpg
10000276	1245253150	1	3	http://i.011st.com/editorImg/2018/03/07/10000276/f0OcJTS.jpg
10000276	1245253157	1	1	http://i.011st.com/editorImg/2018/03/07/10000276/heoD30z.jpg
10000276	1245253157	1	2	http://i.011st.com/editorImg/2018/03/07/10000276/5qt260e.jpg
10000276	1245253157	1	3	http://i.011st.com/editorImg/2018/03/07/10000276/dkVla1a.jpg
10000276	1245253160	1	1	http://i.011st.com/editorImg/2018/03/07/10000276/fkBbPV5.jpg
10000276	1245253160	1	2	http://i.011st.com/editorImg/2018/03/07/10000276/7xvLnKD.jpg
10000276	1245253160	1	3	http://i.011st.com/editorImg/2018/03/07/10000276/78cmzc8.jpg
10000276	1245253161	1	1	http://i.011st.com/editorImg/2018/03/07/10000276/7V5obD6.jpg
10000276	1245253161	1	2	http://i.011st.com/editorImg/2018/03/07/10000276/6EEj4d8.jpg
10000276	1245253161	1	3	http://i.011st.com/editorImg/2018/03/07/10000276/bnH0E1d.jpg
10000276	1245253163	1	1	http://i.011st.com/editorImg/2018/03/07/10000276/7V5obD6.jpg
10000276	1245253163	1	2	http://i.011st.com/editorImg/2018/03/07/10000276/6EEj4d8.jpg
10000276	1245253163	1	3	http://i.011st.com/editorImg/2018/03/07/10000276/bnH0E1d.jpg
10000276	1245253164	1	1	http://i.011st.com/editorImg/2018/03/07/10000276/7V5obD6.jpg
10000276	1245253164	1	2	http://i.011st.com/editorImg/2018/03/07/10000276/6EEj4d8.jpg
10000276	1245253164	1	3	http://i.011st.com/editorImg/2018/03/07/10000276/bnH0E1d.jpg
10000276	1245253165	1	1	http://i.011st.com/editorImg/2018/03/07/10000276/7V5obD6.jpg
10000276	1245253165	1	2	http://i.011st.com/editorImg/2018/03/07/10000276/6EEj4d8.jpg
10000276	1245253165	1	3	http://i.011st.com/editorImg/2018/03/07/10000276/bnH0E1d.jpg
10000276	1245253166	1	1	http://i.011st.com/editorImg/2018/03/07/10000276/7V5obD6.jpg
10000276	1245253166	1	2	http://i.011st.com/editorImg/2018/03/07/10000276/6EEj4d8.jpg
10000276	1245253166	1	3	http://i.011st.com/editorImg/2018/03/07/10000276/bnH0E1d.jpg